

-- ==================Table: barang================== 

INSERT INTO `barang` (`id`, `nama`, `deskripsi`, `harga`, `stok`, `foto`, `created_at`, `updated_at`) VALUES ('20', 'Excavator Komatsu JH612', 'Excavator Komatsu adalah alat berat yang sangat populer dan banyak digunakan di berbagai industri, seperti konstruksi, pertambangan, dan kehutanan. Komatsu Ltd., perusahaan asal Jepang yang memproduksi excavator ini, dikenal dengan teknologi canggih dan inovasi dalam desain dan performa alat berat.', '3000000000', '10', '', '2024-06-06 08:57:26', '2024-06-06 09:00:04');


-- ==================Table: barang_fotos================== 

INSERT INTO `barang_fotos` (`id`, `created_at`, `updated_at`, `barang_id`, `path`) VALUES ('1', '2024-05-27 09:23:52', '2024-05-27 09:23:52', '8', 'public/foto-barang/xyOALHSeLuZGxI4VGpf2zp7WyWot5b9tv6COx8vE.jpg');
INSERT INTO `barang_fotos` (`id`, `created_at`, `updated_at`, `barang_id`, `path`) VALUES ('2', '2024-05-27 09:23:52', '2024-05-27 09:23:52', '8', 'public/foto-barang/FNGcxZ3QlFNTUPyUoUdflFZs0iB5QWu1DiCT4Zdr.png');
INSERT INTO `barang_fotos` (`id`, `created_at`, `updated_at`, `barang_id`, `path`) VALUES ('3', '2024-05-27 09:31:36', '2024-05-27 09:31:36', '9', 'public/foto-barang/m9W2EPXcqjG7WMEjo6ndhKAfdGwMY4ZOb8wikMzc.jpg');
INSERT INTO `barang_fotos` (`id`, `created_at`, `updated_at`, `barang_id`, `path`) VALUES ('4', '2024-05-27 09:31:36', '2024-05-27 09:31:36', '9', 'public/foto-barang/oQY6YeylR3yKnO0HKrUlxnQWYPTxHa7dbxoHnoRg.png');
INSERT INTO `barang_fotos` (`id`, `created_at`, `updated_at`, `barang_id`, `path`) VALUES ('5', '2024-05-27 09:40:16', '2024-05-27 09:40:16', '10', 'uploads/z2camagYyP6MzImiGLXW7U6ybDhhtDML6zmgMOmw.png');
INSERT INTO `barang_fotos` (`id`, `created_at`, `updated_at`, `barang_id`, `path`) VALUES ('6', '2024-05-27 09:40:16', '2024-05-27 09:40:16', '10', 'uploads/4YOybIQr41y1w3GFiz83T3Y9oagdFTdyM7Nsrf7k.png');
INSERT INTO `barang_fotos` (`id`, `created_at`, `updated_at`, `barang_id`, `path`) VALUES ('7', '2024-05-27 09:42:41', '2024-05-27 09:42:41', '11', 'uploads/53vnjNzUimadD0JSbLOdkxD9S0THOs76Bj7zvQAL.png');
INSERT INTO `barang_fotos` (`id`, `created_at`, `updated_at`, `barang_id`, `path`) VALUES ('8', '2024-05-27 09:42:41', '2024-05-27 09:42:41', '11', 'uploads/WwdzsccDPHrio58Zx93TAU9xdirzlikArG4kkiTs.png');
INSERT INTO `barang_fotos` (`id`, `created_at`, `updated_at`, `barang_id`, `path`) VALUES ('9', '2024-05-27 09:45:53', '2024-05-27 09:45:53', '12', 'public/uploads/XTYmTACqPPJ3kbSvkS355HjqEqyW2G86pIDjM4Jv.png');
INSERT INTO `barang_fotos` (`id`, `created_at`, `updated_at`, `barang_id`, `path`) VALUES ('10', '2024-05-27 09:45:53', '2024-05-27 09:45:53', '12', 'public/uploads/0LHfaeNKCDJKsFwNpeDBhtYMtpctRAsLblfJDS24.png');
INSERT INTO `barang_fotos` (`id`, `created_at`, `updated_at`, `barang_id`, `path`) VALUES ('11', '2024-05-27 09:54:27', '2024-05-27 09:54:27', '13', 'public/uploads/aoyI1IitVR2MYregnc30OXNViLjHXmXabaXAFMQ8.png');
INSERT INTO `barang_fotos` (`id`, `created_at`, `updated_at`, `barang_id`, `path`) VALUES ('12', '2024-05-27 09:58:59', '2024-05-27 09:58:59', '14', 'public/uploads/5sN4XkTBnVQ5Dhj25BxeOVxubcGWFJqHjUxNwH3t.png');
INSERT INTO `barang_fotos` (`id`, `created_at`, `updated_at`, `barang_id`, `path`) VALUES ('13', '2024-05-27 09:58:59', '2024-05-27 09:58:59', '14', 'public/uploads/IlaqoOKoDmZv0Ur3F6x5BGLntjGaDn7UDeE2ElXJ.png');
INSERT INTO `barang_fotos` (`id`, `created_at`, `updated_at`, `barang_id`, `path`) VALUES ('14', '2024-05-27 09:58:59', '2024-05-27 09:58:59', '14', 'public/uploads/dN07X2mmd9I4PrQY7eSyJPiO8JZQmecAltkg55Ho.png');
INSERT INTO `barang_fotos` (`id`, `created_at`, `updated_at`, `barang_id`, `path`) VALUES ('15', '2024-05-27 13:49:01', '2024-05-27 13:49:01', '15', 'uQl1P0SQqKQGyFnmqkZglabtjFPlMBddlOZLiHem.png');
INSERT INTO `barang_fotos` (`id`, `created_at`, `updated_at`, `barang_id`, `path`) VALUES ('16', '2024-05-27 13:49:01', '2024-05-27 13:49:01', '15', '1lgZiUAdCxmSqeFmhKdq4KNbnTIYecv6bzxEURL1.jpg');
INSERT INTO `barang_fotos` (`id`, `created_at`, `updated_at`, `barang_id`, `path`) VALUES ('17', '2024-05-27 13:49:01', '2024-05-27 13:49:01', '15', 'w77wIninyxLbceBh76op3ZiJOBJa7W6Hyl04L5G6.png');
INSERT INTO `barang_fotos` (`id`, `created_at`, `updated_at`, `barang_id`, `path`) VALUES ('20', '2024-06-03 18:23:04', '2024-06-03 18:23:04', '17', 'fFR5B7U3WlWi6rFt0s0e7TG1jite67fCckNkAQih.png');
INSERT INTO `barang_fotos` (`id`, `created_at`, `updated_at`, `barang_id`, `path`) VALUES ('21', '2024-06-03 18:23:04', '2024-06-03 18:23:04', '17', 'wDxjIoUyMk5gtoJ0zcKSLhSuVMugPyGdqlCBspy7.png');
INSERT INTO `barang_fotos` (`id`, `created_at`, `updated_at`, `barang_id`, `path`) VALUES ('26', '2024-06-06 08:57:26', '2024-06-06 08:57:26', '20', 'JyMqEjQxj2rQrWXFvgFomtkHjqy3g5zIBCRd18rT.png');
INSERT INTO `barang_fotos` (`id`, `created_at`, `updated_at`, `barang_id`, `path`) VALUES ('27', '2024-06-06 08:57:26', '2024-06-06 08:57:26', '20', 'AiKxQmW5m5Zgo8LV4sczzdrcGu9UL5gOkTFJFmGH.png');


-- ==================Table: detail_penawaran================== 

INSERT INTO `detail_penawaran` (`id`, `id_penawaran`, `id_barang`, `kuantitas`, `harga_per_barang`, `created_at`, `updated_at`) VALUES ('33', '40', '9', '3', '213213.00', '', '');
INSERT INTO `detail_penawaran` (`id`, `id_penawaran`, `id_barang`, `kuantitas`, `harga_per_barang`, `created_at`, `updated_at`) VALUES ('34', '41', '17', '12', '10000.00', '', '');
INSERT INTO `detail_penawaran` (`id`, `id_penawaran`, `id_barang`, `kuantitas`, `harga_per_barang`, `created_at`, `updated_at`) VALUES ('36', '42', '17', '4', '10000.00', '', '');
INSERT INTO `detail_penawaran` (`id`, `id_penawaran`, `id_barang`, `kuantitas`, `harga_per_barang`, `created_at`, `updated_at`) VALUES ('37', '42', '17', '4', '10000.00', '', '');
INSERT INTO `detail_penawaran` (`id`, `id_penawaran`, `id_barang`, `kuantitas`, `harga_per_barang`, `created_at`, `updated_at`) VALUES ('38', '42', '17', '4', '10000.00', '', '');
INSERT INTO `detail_penawaran` (`id`, `id_penawaran`, `id_barang`, `kuantitas`, `harga_per_barang`, `created_at`, `updated_at`) VALUES ('39', '42', '17', '4', '10000.00', '', '');
INSERT INTO `detail_penawaran` (`id`, `id_penawaran`, `id_barang`, `kuantitas`, `harga_per_barang`, `created_at`, `updated_at`) VALUES ('40', '42', '17', '4', '10000.00', '', '');
INSERT INTO `detail_penawaran` (`id`, `id_penawaran`, `id_barang`, `kuantitas`, `harga_per_barang`, `created_at`, `updated_at`) VALUES ('42', '46', '20', '1', '3000000000.00', '', '');


-- ==================Table: konsumen================== 

INSERT INTO `konsumen` (`nama`, `tanggal_lahir`, `alamat`, `jenis_kelamin`, `pekerjaan`, `no_telp`, `created_at`, `updated_at`, `id`) VALUES ('Anan', '2004-06-01', 'Pati Kota', 'Laki-laki', 'Direktur', '081326541887', '2024-05-16 01:01:28', '2024-06-06 08:35:17', '5');


-- ==================Table: menus================== 

INSERT INTO `menus` (`id`, `nama_menu`, `url`, `icon`, `id_html`, `parent_id`, `urutan`) VALUES ('1', 'Menu Manajemen', '#', '', '', '0', '1');
INSERT INTO `menus` (`id`, `nama_menu`, `url`, `icon`, `id_html`, `parent_id`, `urutan`) VALUES ('2', 'Dashboard', 'home', 'fas fa-home', '', '1', '1');
INSERT INTO `menus` (`id`, `nama_menu`, `url`, `icon`, `id_html`, `parent_id`, `urutan`) VALUES ('3', 'Manajemen Pengguna', '#', 'fas fa-users-cog', '', '1', '2');
INSERT INTO `menus` (`id`, `nama_menu`, `url`, `icon`, `id_html`, `parent_id`, `urutan`) VALUES ('4', 'Kelola Pengguna', 'manage-user', '', '', '3', '1');
INSERT INTO `menus` (`id`, `nama_menu`, `url`, `icon`, `id_html`, `parent_id`, `urutan`) VALUES ('5', 'Kelola Role', 'manage-role', '', '', '3', '2');
INSERT INTO `menus` (`id`, `nama_menu`, `url`, `icon`, `id_html`, `parent_id`, `urutan`) VALUES ('6', 'Kelola Menu', 'manage-menu', '', '', '3', '3');
INSERT INTO `menus` (`id`, `nama_menu`, `url`, `icon`, `id_html`, `parent_id`, `urutan`) VALUES ('7', 'Backup Server', '#', '', '', '0', '2');
INSERT INTO `menus` (`id`, `nama_menu`, `url`, `icon`, `id_html`, `parent_id`, `urutan`) VALUES ('8', 'Backup Database', 'dbbackup', 'fas fa-database', '', '7', '1');
INSERT INTO `menus` (`id`, `nama_menu`, `url`, `icon`, `id_html`, `parent_id`, `urutan`) VALUES ('9', 'Referensi', '#', 'fas fa-user-tag', '', '1', '3');
INSERT INTO `menus` (`id`, `nama_menu`, `url`, `icon`, `id_html`, `parent_id`, `urutan`) VALUES ('10', 'Barang', 'manage-barang', '', '', '9', '2');
INSERT INTO `menus` (`id`, `nama_menu`, `url`, `icon`, `id_html`, `parent_id`, `urutan`) VALUES ('11', 'Penawaran', 'manage-penawaran', '', '', '20', '3');
INSERT INTO `menus` (`id`, `nama_menu`, `url`, `icon`, `id_html`, `parent_id`, `urutan`) VALUES ('12', 'Purchase Order', 'manage-purchaseorder', '', '', '20', '4');
INSERT INTO `menus` (`id`, `nama_menu`, `url`, `icon`, `id_html`, `parent_id`, `urutan`) VALUES ('14', 'Selesai', '#', '', '', '9', '6');
INSERT INTO `menus` (`id`, `nama_menu`, `url`, `icon`, `id_html`, `parent_id`, `urutan`) VALUES ('15', 'Menu Manajemen', '#', '', '', '0', '1');
INSERT INTO `menus` (`id`, `nama_menu`, `url`, `icon`, `id_html`, `parent_id`, `urutan`) VALUES ('16', 'Dashboard', 'home', 'fas fa-home', '', '15', '1');
INSERT INTO `menus` (`id`, `nama_menu`, `url`, `icon`, `id_html`, `parent_id`, `urutan`) VALUES ('17', 'Manajemen Pengguna', '#', 'fas fa-users-cog', '', '15', '2');
INSERT INTO `menus` (`id`, `nama_menu`, `url`, `icon`, `id_html`, `parent_id`, `urutan`) VALUES ('18', 'Kelola Pengguna', 'manage-user', '', '', '17', '1');
INSERT INTO `menus` (`id`, `nama_menu`, `url`, `icon`, `id_html`, `parent_id`, `urutan`) VALUES ('19', 'Konsumen', 'manage-konsumen', '', '', '9', '1');
INSERT INTO `menus` (`id`, `nama_menu`, `url`, `icon`, `id_html`, `parent_id`, `urutan`) VALUES ('20', 'Transaksi', '#', 'fas fa-money-bill-wave', '', '1', '1');
INSERT INTO `menus` (`id`, `nama_menu`, `url`, `icon`, `id_html`, `parent_id`, `urutan`) VALUES ('21', 'Surat Jalan', 'suratjalan', '', '', '20', '1');
INSERT INTO `menus` (`id`, `nama_menu`, `url`, `icon`, `id_html`, `parent_id`, `urutan`) VALUES ('22', 'Menu Manajemen', '#', '', '', '0', '1');
INSERT INTO `menus` (`id`, `nama_menu`, `url`, `icon`, `id_html`, `parent_id`, `urutan`) VALUES ('23', 'Dashboard', 'home', 'fas fa-home', '', '22', '1');
INSERT INTO `menus` (`id`, `nama_menu`, `url`, `icon`, `id_html`, `parent_id`, `urutan`) VALUES ('24', 'Manajemen Pengguna', '#', 'fas fa-users-cog', '', '22', '2');
INSERT INTO `menus` (`id`, `nama_menu`, `url`, `icon`, `id_html`, `parent_id`, `urutan`) VALUES ('25', 'Kelola Pengguna', 'manage-user', '', '', '24', '1');


-- ==================Table: migrations================== 

INSERT INTO `migrations` (`id`, `migration`, `batch`) VALUES ('1', '2014_10_12_000000_create_users_table', '1');
INSERT INTO `migrations` (`id`, `migration`, `batch`) VALUES ('2', '2014_10_12_100000_create_password_resets_table', '1');
INSERT INTO `migrations` (`id`, `migration`, `batch`) VALUES ('3', '2019_08_19_000000_create_failed_jobs_table', '1');
INSERT INTO `migrations` (`id`, `migration`, `batch`) VALUES ('4', '2019_12_14_000001_create_personal_access_tokens_table', '1');
INSERT INTO `migrations` (`id`, `migration`, `batch`) VALUES ('5', '2024_01_01_234158_create_menus_table', '1');
INSERT INTO `migrations` (`id`, `migration`, `batch`) VALUES ('6', '2024_02_02_053619_create_permission_tables', '1');
INSERT INTO `migrations` (`id`, `migration`, `batch`) VALUES ('7', '2024_02_03_232722_create_role_has_menus_tables', '1');
INSERT INTO `migrations` (`id`, `migration`, `batch`) VALUES ('8', '2024_02_03_235312_add_menu_id_on_permission', '1');
INSERT INTO `migrations` (`id`, `migration`, `batch`) VALUES ('9', '2024_04_17_104341_menu', '2');
INSERT INTO `migrations` (`id`, `migration`, `batch`) VALUES ('10', '2024_04_24_162837_bisa', '3');
INSERT INTO `migrations` (`id`, `migration`, `batch`) VALUES ('11', '2024_04_25_074649_konsumen', '4');
INSERT INTO `migrations` (`id`, `migration`, `batch`) VALUES ('12', '2024_05_15_234819_add_timestamps_to_barang_table', '5');
INSERT INTO `migrations` (`id`, `migration`, `batch`) VALUES ('13', '2024_05_16_001339_add_updated_at_to_konsumen_table', '6');
INSERT INTO `migrations` (`id`, `migration`, `batch`) VALUES ('14', '2024_05_16_080017_add_timestamps_to_penawaran_table', '7');
INSERT INTO `migrations` (`id`, `migration`, `batch`) VALUES ('15', '2024_05_16_084921_add_columns_to_purchase_order_table', '8');
INSERT INTO `migrations` (`id`, `migration`, `batch`) VALUES ('16', '2024_05_16_085143_add_timestamps_to_purchase_order_table', '9');
INSERT INTO `migrations` (`id`, `migration`, `batch`) VALUES ('17', '2024_05_27_090517_create_barang_fotos_table', '10');


-- ==================Table: model_has_roles================== 

INSERT INTO `model_has_roles` (`role_id`, `model_type`, `model_id`) VALUES ('1', 'App\\Models\\User', '1');


-- ==================Table: penawaran================== 

INSERT INTO `penawaran` (`id`, `id_konsumen`, `tanggal`, `nomor`, `status`, `total_harga`, `created_at`, `updated_at`) VALUES ('46', '5', '2024-06-06', '20240606P02', 'Sukses', '3000000000.00', '', '2024-06-06 09:05:32');


-- ==================Table: permissions================== 

INSERT INTO `permissions` (`id`, `name`, `guard_name`, `created_at`, `updated_at`, `menu_id`) VALUES ('1', 'create_user', 'web', '2024-04-17 10:27:28', '2024-04-17 10:27:28', '4');
INSERT INTO `permissions` (`id`, `name`, `guard_name`, `created_at`, `updated_at`, `menu_id`) VALUES ('2', 'read_user', 'web', '2024-04-17 10:27:28', '2024-04-17 10:27:28', '4');
INSERT INTO `permissions` (`id`, `name`, `guard_name`, `created_at`, `updated_at`, `menu_id`) VALUES ('3', 'update_user', 'web', '2024-04-17 10:27:28', '2024-04-17 10:27:28', '4');
INSERT INTO `permissions` (`id`, `name`, `guard_name`, `created_at`, `updated_at`, `menu_id`) VALUES ('4', 'delete_user', 'web', '2024-04-17 10:27:28', '2024-04-17 10:27:28', '4');
INSERT INTO `permissions` (`id`, `name`, `guard_name`, `created_at`, `updated_at`, `menu_id`) VALUES ('5', 'create_role', 'web', '2024-04-17 10:27:28', '2024-04-17 10:27:28', '5');
INSERT INTO `permissions` (`id`, `name`, `guard_name`, `created_at`, `updated_at`, `menu_id`) VALUES ('6', 'read_role', 'web', '2024-04-17 10:27:28', '2024-04-17 10:27:28', '5');
INSERT INTO `permissions` (`id`, `name`, `guard_name`, `created_at`, `updated_at`, `menu_id`) VALUES ('7', 'update_role', 'web', '2024-04-17 10:27:28', '2024-04-17 10:27:28', '5');
INSERT INTO `permissions` (`id`, `name`, `guard_name`, `created_at`, `updated_at`, `menu_id`) VALUES ('8', 'delete_role', 'web', '2024-04-17 10:27:28', '2024-04-17 10:27:28', '5');
INSERT INTO `permissions` (`id`, `name`, `guard_name`, `created_at`, `updated_at`, `menu_id`) VALUES ('9', 'create_menu', 'web', '2024-04-17 10:27:28', '2024-04-17 10:27:28', '6');
INSERT INTO `permissions` (`id`, `name`, `guard_name`, `created_at`, `updated_at`, `menu_id`) VALUES ('10', 'read_menu', 'web', '2024-04-17 10:27:28', '2024-04-17 10:27:28', '6');
INSERT INTO `permissions` (`id`, `name`, `guard_name`, `created_at`, `updated_at`, `menu_id`) VALUES ('11', 'update_menu', 'web', '2024-04-17 10:27:28', '2024-04-17 10:27:28', '6');
INSERT INTO `permissions` (`id`, `name`, `guard_name`, `created_at`, `updated_at`, `menu_id`) VALUES ('12', 'delete_menu', 'web', '2024-04-17 10:27:28', '2024-04-17 10:27:28', '6');
INSERT INTO `permissions` (`id`, `name`, `guard_name`, `created_at`, `updated_at`, `menu_id`) VALUES ('13', 'backup_database', 'web', '2024-04-17 10:27:28', '2024-04-17 10:27:28', '8');


-- ==================Table: purchase_order================== 

INSERT INTO `purchase_order` (`id`, `id_penawaran`, `tanggal`, `nomor`, `total_harga`, `status`, `jenis`, `created_at`, `updated_at`) VALUES ('28', '46', '2024-06-06', '20240606P02', '3000000000', 'Sukses', 'QRIS', '2024-06-06 09:05:32', '2024-06-06 09:05:47');


-- ==================Table: roles================== 

INSERT INTO `roles` (`id`, `name`, `guard_name`, `created_at`, `updated_at`) VALUES ('1', 'superadmin', 'web', '2024-04-17 10:27:29', '2024-04-17 10:27:29');


-- ==================Table: role_has_menus================== 

INSERT INTO `role_has_menus` (`id`, `menu_id`, `role_id`) VALUES ('1', '1', '1');
INSERT INTO `role_has_menus` (`id`, `menu_id`, `role_id`) VALUES ('2', '2', '1');
INSERT INTO `role_has_menus` (`id`, `menu_id`, `role_id`) VALUES ('3', '3', '1');
INSERT INTO `role_has_menus` (`id`, `menu_id`, `role_id`) VALUES ('4', '4', '1');
INSERT INTO `role_has_menus` (`id`, `menu_id`, `role_id`) VALUES ('5', '5', '1');
INSERT INTO `role_has_menus` (`id`, `menu_id`, `role_id`) VALUES ('6', '6', '1');
INSERT INTO `role_has_menus` (`id`, `menu_id`, `role_id`) VALUES ('7', '7', '1');
INSERT INTO `role_has_menus` (`id`, `menu_id`, `role_id`) VALUES ('8', '8', '1');
INSERT INTO `role_has_menus` (`id`, `menu_id`, `role_id`) VALUES ('9', '9', '1');
INSERT INTO `role_has_menus` (`id`, `menu_id`, `role_id`) VALUES ('11', '11', '1');
INSERT INTO `role_has_menus` (`id`, `menu_id`, `role_id`) VALUES ('12', '12', '1');
INSERT INTO `role_has_menus` (`id`, `menu_id`, `role_id`) VALUES ('13', '13', '1');
INSERT INTO `role_has_menus` (`id`, `menu_id`, `role_id`) VALUES ('15', '19', '1');
INSERT INTO `role_has_menus` (`id`, `menu_id`, `role_id`) VALUES ('16', '10', '1');
INSERT INTO `role_has_menus` (`id`, `menu_id`, `role_id`) VALUES ('18', '20', '1');
INSERT INTO `role_has_menus` (`id`, `menu_id`, `role_id`) VALUES ('19', '21', '1');


-- ==================Table: role_has_permissions================== 

INSERT INTO `role_has_permissions` (`permission_id`, `role_id`) VALUES ('1', '1');
INSERT INTO `role_has_permissions` (`permission_id`, `role_id`) VALUES ('2', '1');
INSERT INTO `role_has_permissions` (`permission_id`, `role_id`) VALUES ('3', '1');
INSERT INTO `role_has_permissions` (`permission_id`, `role_id`) VALUES ('4', '1');
INSERT INTO `role_has_permissions` (`permission_id`, `role_id`) VALUES ('5', '1');
INSERT INTO `role_has_permissions` (`permission_id`, `role_id`) VALUES ('6', '1');
INSERT INTO `role_has_permissions` (`permission_id`, `role_id`) VALUES ('7', '1');
INSERT INTO `role_has_permissions` (`permission_id`, `role_id`) VALUES ('8', '1');
INSERT INTO `role_has_permissions` (`permission_id`, `role_id`) VALUES ('9', '1');
INSERT INTO `role_has_permissions` (`permission_id`, `role_id`) VALUES ('10', '1');
INSERT INTO `role_has_permissions` (`permission_id`, `role_id`) VALUES ('11', '1');
INSERT INTO `role_has_permissions` (`permission_id`, `role_id`) VALUES ('12', '1');
INSERT INTO `role_has_permissions` (`permission_id`, `role_id`) VALUES ('13', '1');


-- ==================Table: surat_jalan================== 

INSERT INTO `surat_jalan` (`id`, `id_purchase_order`, `nomor`, `tanggal`, `alamat_tujuan`, `created_at`, `updated_at`, `nomor_po`) VALUES ('43', '28', 'SJ001 - 06062024', '2024-06-06', 'Jalan Pati Kota', '2024-06-06 09:05:47', '2024-06-06 09:06:11', '20240606P02');


-- ==================Table: users================== 

INSERT INTO `users` (`id`, `name`, `email`, `email_verified_at`, `password`, `remember_token`, `created_at`, `updated_at`) VALUES ('1', 'Super Admin', 'superadmin@gmail.com', '2024-04-17 10:27:29', '$2y$10$lsz9mQGtsprpqvMFlAABBO9HBCY0QRx2DFD/c1TSQwZp7sMkaNXCi', 'npV2lHOiJJYDYl3PWSHMJ4mZkZEjKPELj0hKgDnQ8s7CsEYo4EY8zjahZg3t', '2024-04-17 10:27:29', '2024-04-17 10:27:29');
