

-- ==================Table: barang================== 

INSERT INTO `barang` (`id`, `nama`, `deskripsi`, `harga`, `stok`, `foto`, `created_at`, `updated_at`) VALUES ('1', 'Crane Crawler Hitachi KH180-3', 'Crane crawler dengan kapasitas angkat 50 ton dan boom panjang maksimal 58 meter.', '500', '100', 'crane_hitachi_kh180-3.jpg', '', '2024-05-15 23:52:36');
INSERT INTO `barang` (`id`, `nama`, `deskripsi`, `harga`, `stok`, `foto`, `created_at`, `updated_at`) VALUES ('3', 'asd', 'sad', '12', '1', '1716775005.jpg', '2024-05-27 08:56:45', '2024-05-27 08:56:45');
INSERT INTO `barang` (`id`, `nama`, `deskripsi`, `harga`, `stok`, `foto`, `created_at`, `updated_at`) VALUES ('4', 'asd', 'ads', '1221', '121', '', '2024-05-27 09:16:23', '2024-05-27 09:16:23');
INSERT INTO `barang` (`id`, `nama`, `deskripsi`, `harga`, `stok`, `foto`, `created_at`, `updated_at`) VALUES ('5', 'asd', 'ads', '1221', '121', '', '2024-05-27 09:16:38', '2024-05-27 09:16:38');
INSERT INTO `barang` (`id`, `nama`, `deskripsi`, `harga`, `stok`, `foto`, `created_at`, `updated_at`) VALUES ('6', 'asd', 'ads', '1221', '121', '', '2024-05-27 09:16:46', '2024-05-27 09:16:46');
INSERT INTO `barang` (`id`, `nama`, `deskripsi`, `harga`, `stok`, `foto`, `created_at`, `updated_at`) VALUES ('7', 'asd', 'ads', '1221', '121', '', '2024-05-27 09:20:55', '2024-05-27 09:20:55');
INSERT INTO `barang` (`id`, `nama`, `deskripsi`, `harga`, `stok`, `foto`, `created_at`, `updated_at`) VALUES ('8', 'asd', 'ads', '1221', '121', '', '2024-05-27 09:23:52', '2024-05-27 09:23:52');
INSERT INTO `barang` (`id`, `nama`, `deskripsi`, `harga`, `stok`, `foto`, `created_at`, `updated_at`) VALUES ('9', 'ehehehehehehehhe', 'asd', '213213', '213213012', '', '2024-05-27 09:31:35', '2024-05-27 09:31:35');
INSERT INTO `barang` (`id`, `nama`, `deskripsi`, `harga`, `stok`, `foto`, `created_at`, `updated_at`) VALUES ('10', 'asd', 'asd', '1312', '123', '', '2024-05-27 09:40:16', '2024-05-27 09:40:16');
INSERT INTO `barang` (`id`, `nama`, `deskripsi`, `harga`, `stok`, `foto`, `created_at`, `updated_at`) VALUES ('11', 'asd', 'asd', '12', '1212', '', '2024-05-27 09:42:41', '2024-05-27 09:42:41');
INSERT INTO `barang` (`id`, `nama`, `deskripsi`, `harga`, `stok`, `foto`, `created_at`, `updated_at`) VALUES ('12', 'asd', 'asddddddddddddddddddddddddd', '12', '1212', '', '2024-05-27 09:45:53', '2024-05-27 09:45:53');
INSERT INTO `barang` (`id`, `nama`, `deskripsi`, `harga`, `stok`, `foto`, `created_at`, `updated_at`) VALUES ('13', 'asd', 'q2312', '123', '1', '', '2024-05-27 09:54:27', '2024-05-27 09:54:27');
INSERT INTO `barang` (`id`, `nama`, `deskripsi`, `harga`, `stok`, `foto`, `created_at`, `updated_at`) VALUES ('14', 'we1', 'okdwqok', '1230130', '1234', '', '2024-05-27 09:58:59', '2024-05-27 09:58:59');
INSERT INTO `barang` (`id`, `nama`, `deskripsi`, `harga`, `stok`, `foto`, `created_at`, `updated_at`) VALUES ('15', 'adsasd', 'asdas', '12121', '12', '', '2024-05-27 13:49:00', '2024-05-27 13:49:00');
INSERT INTO `barang` (`id`, `nama`, `deskripsi`, `harga`, `stok`, `foto`, `created_at`, `updated_at`) VALUES ('16', 'adsasd', 'sad', '12121', '12', '', '2024-05-30 00:54:09', '2024-05-30 00:54:09');
INSERT INTO `barang` (`id`, `nama`, `deskripsi`, `harga`, `stok`, `foto`, `created_at`, `updated_at`) VALUES ('17', 'Truk', 'bagus banget', '10000', '2', '', '2024-06-03 18:23:04', '2024-06-03 18:23:04');


-- ==================Table: barang_fotos================== 

INSERT INTO `barang_fotos` (`id`, `created_at`, `updated_at`, `barang_id`, `path`) VALUES ('1', '2024-05-27 09:23:52', '2024-05-27 09:23:52', '8', 'public/foto-barang/xyOALHSeLuZGxI4VGpf2zp7WyWot5b9tv6COx8vE.jpg');
INSERT INTO `barang_fotos` (`id`, `created_at`, `updated_at`, `barang_id`, `path`) VALUES ('2', '2024-05-27 09:23:52', '2024-05-27 09:23:52', '8', 'public/foto-barang/FNGcxZ3QlFNTUPyUoUdflFZs0iB5QWu1DiCT4Zdr.png');
INSERT INTO `barang_fotos` (`id`, `created_at`, `updated_at`, `barang_id`, `path`) VALUES ('3', '2024-05-27 09:31:36', '2024-05-27 09:31:36', '9', 'public/foto-barang/m9W2EPXcqjG7WMEjo6ndhKAfdGwMY4ZOb8wikMzc.jpg');
INSERT INTO `barang_fotos` (`id`, `created_at`, `updated_at`, `barang_id`, `path`) VALUES ('4', '2024-05-27 09:31:36', '2024-05-27 09:31:36', '9', 'public/foto-barang/oQY6YeylR3yKnO0HKrUlxnQWYPTxHa7dbxoHnoRg.png');
INSERT INTO `barang_fotos` (`id`, `created_at`, `updated_at`, `barang_id`, `path`) VALUES ('5', '2024-05-27 09:40:16', '2024-05-27 09:40:16', '10', 'uploads/z2camagYyP6MzImiGLXW7U6ybDhhtDML6zmgMOmw.png');
INSERT INTO `barang_fotos` (`id`, `created_at`, `updated_at`, `barang_id`, `path`) VALUES ('6', '2024-05-27 09:40:16', '2024-05-27 09:40:16', '10', 'uploads/4YOybIQr41y1w3GFiz83T3Y9oagdFTdyM7Nsrf7k.png');
INSERT INTO `barang_fotos` (`id`, `created_at`, `updated_at`, `barang_id`, `path`) VALUES ('7', '2024-05-27 09:42:41', '2024-05-27 09:42:41', '11', 'uploads/53vnjNzUimadD0JSbLOdkxD9S0THOs76Bj7zvQAL.png');
INSERT INTO `barang_fotos` (`id`, `created_at`, `updated_at`, `barang_id`, `path`) VALUES ('8', '2024-05-27 09:42:41', '2024-05-27 09:42:41', '11', 'uploads/WwdzsccDPHrio58Zx93TAU9xdirzlikArG4kkiTs.png');
INSERT INTO `barang_fotos` (`id`, `created_at`, `updated_at`, `barang_id`, `path`) VALUES ('9', '2024-05-27 09:45:53', '2024-05-27 09:45:53', '12', 'public/uploads/XTYmTACqPPJ3kbSvkS355HjqEqyW2G86pIDjM4Jv.png');
INSERT INTO `barang_fotos` (`id`, `created_at`, `updated_at`, `barang_id`, `path`) VALUES ('10', '2024-05-27 09:45:53', '2024-05-27 09:45:53', '12', 'public/uploads/0LHfaeNKCDJKsFwNpeDBhtYMtpctRAsLblfJDS24.png');
INSERT INTO `barang_fotos` (`id`, `created_at`, `updated_at`, `barang_id`, `path`) VALUES ('11', '2024-05-27 09:54:27', '2024-05-27 09:54:27', '13', 'public/uploads/aoyI1IitVR2MYregnc30OXNViLjHXmXabaXAFMQ8.png');
INSERT INTO `barang_fotos` (`id`, `created_at`, `updated_at`, `barang_id`, `path`) VALUES ('12', '2024-05-27 09:58:59', '2024-05-27 09:58:59', '14', 'public/uploads/5sN4XkTBnVQ5Dhj25BxeOVxubcGWFJqHjUxNwH3t.png');
INSERT INTO `barang_fotos` (`id`, `created_at`, `updated_at`, `barang_id`, `path`) VALUES ('13', '2024-05-27 09:58:59', '2024-05-27 09:58:59', '14', 'public/uploads/IlaqoOKoDmZv0Ur3F6x5BGLntjGaDn7UDeE2ElXJ.png');
INSERT INTO `barang_fotos` (`id`, `created_at`, `updated_at`, `barang_id`, `path`) VALUES ('14', '2024-05-27 09:58:59', '2024-05-27 09:58:59', '14', 'public/uploads/dN07X2mmd9I4PrQY7eSyJPiO8JZQmecAltkg55Ho.png');
INSERT INTO `barang_fotos` (`id`, `created_at`, `updated_at`, `barang_id`, `path`) VALUES ('15', '2024-05-27 13:49:01', '2024-05-27 13:49:01', '15', 'uQl1P0SQqKQGyFnmqkZglabtjFPlMBddlOZLiHem.png');
INSERT INTO `barang_fotos` (`id`, `created_at`, `updated_at`, `barang_id`, `path`) VALUES ('16', '2024-05-27 13:49:01', '2024-05-27 13:49:01', '15', '1lgZiUAdCxmSqeFmhKdq4KNbnTIYecv6bzxEURL1.jpg');
INSERT INTO `barang_fotos` (`id`, `created_at`, `updated_at`, `barang_id`, `path`) VALUES ('17', '2024-05-27 13:49:01', '2024-05-27 13:49:01', '15', 'w77wIninyxLbceBh76op3ZiJOBJa7W6Hyl04L5G6.png');
INSERT INTO `barang_fotos` (`id`, `created_at`, `updated_at`, `barang_id`, `path`) VALUES ('20', '2024-06-03 18:23:04', '2024-06-03 18:23:04', '17', 'fFR5B7U3WlWi6rFt0s0e7TG1jite67fCckNkAQih.png');
INSERT INTO `barang_fotos` (`id`, `created_at`, `updated_at`, `barang_id`, `path`) VALUES ('21', '2024-06-03 18:23:04', '2024-06-03 18:23:04', '17', 'wDxjIoUyMk5gtoJ0zcKSLhSuVMugPyGdqlCBspy7.png');


-- ==================Table: detail_penawaran================== 

INSERT INTO `detail_penawaran` (`id`, `id_penawaran`, `id_barang`, `kuantitas`, `harga_per_barang`, `created_at`, `updated_at`) VALUES ('2', '', '', '', '', '2024-05-30 07:55:47', '2024-05-30 07:55:47');
INSERT INTO `detail_penawaran` (`id`, `id_penawaran`, `id_barang`, `kuantitas`, `harga_per_barang`, `created_at`, `updated_at`) VALUES ('3', '', '', '', '', '2024-05-30 07:57:12', '2024-05-30 07:57:12');
INSERT INTO `detail_penawaran` (`id`, `id_penawaran`, `id_barang`, `kuantitas`, `harga_per_barang`, `created_at`, `updated_at`) VALUES ('4', '', '', '', '', '2024-05-30 08:03:07', '2024-05-30 08:03:07');
INSERT INTO `detail_penawaran` (`id`, `id_penawaran`, `id_barang`, `kuantitas`, `harga_per_barang`, `created_at`, `updated_at`) VALUES ('5', '', '', '', '', '2024-05-30 08:05:38', '2024-05-30 08:05:38');
INSERT INTO `detail_penawaran` (`id`, `id_penawaran`, `id_barang`, `kuantitas`, `harga_per_barang`, `created_at`, `updated_at`) VALUES ('6', '', '', '', '', '2024-05-30 08:07:49', '2024-05-30 08:07:49');
INSERT INTO `detail_penawaran` (`id`, `id_penawaran`, `id_barang`, `kuantitas`, `harga_per_barang`, `created_at`, `updated_at`) VALUES ('7', '', '', '', '', '2024-05-30 08:10:18', '2024-05-30 08:10:18');
INSERT INTO `detail_penawaran` (`id`, `id_penawaran`, `id_barang`, `kuantitas`, `harga_per_barang`, `created_at`, `updated_at`) VALUES ('8', '', '', '', '', '2024-05-30 08:13:41', '2024-05-30 08:13:41');
INSERT INTO `detail_penawaran` (`id`, `id_penawaran`, `id_barang`, `kuantitas`, `harga_per_barang`, `created_at`, `updated_at`) VALUES ('9', '25', '10', '2', '1312.00', '', '');
INSERT INTO `detail_penawaran` (`id`, `id_penawaran`, `id_barang`, `kuantitas`, `harga_per_barang`, `created_at`, `updated_at`) VALUES ('10', '25', '10', '1', '1312.00', '', '');
INSERT INTO `detail_penawaran` (`id`, `id_penawaran`, `id_barang`, `kuantitas`, `harga_per_barang`, `created_at`, `updated_at`) VALUES ('11', '26', '11', '11', '12.00', '', '');
INSERT INTO `detail_penawaran` (`id`, `id_penawaran`, `id_barang`, `kuantitas`, `harga_per_barang`, `created_at`, `updated_at`) VALUES ('12', '27', '13', '1', '123.00', '', '');
INSERT INTO `detail_penawaran` (`id`, `id_penawaran`, `id_barang`, `kuantitas`, `harga_per_barang`, `created_at`, `updated_at`) VALUES ('13', '28', '12', '11', '12.00', '', '');
INSERT INTO `detail_penawaran` (`id`, `id_penawaran`, `id_barang`, `kuantitas`, `harga_per_barang`, `created_at`, `updated_at`) VALUES ('14', '29', '13', '10', '123.00', '', '');
INSERT INTO `detail_penawaran` (`id`, `id_penawaran`, `id_barang`, `kuantitas`, `harga_per_barang`, `created_at`, `updated_at`) VALUES ('15', '30', '9', '100', '213213.00', '', '');
INSERT INTO `detail_penawaran` (`id`, `id_penawaran`, `id_barang`, `kuantitas`, `harga_per_barang`, `created_at`, `updated_at`) VALUES ('16', '31', '11', '10', '12.00', '', '');
INSERT INTO `detail_penawaran` (`id`, `id_penawaran`, `id_barang`, `kuantitas`, `harga_per_barang`, `created_at`, `updated_at`) VALUES ('18', '33', '1', '3', '11.00', '', '2024-06-01 09:14:59');
INSERT INTO `detail_penawaran` (`id`, `id_penawaran`, `id_barang`, `kuantitas`, `harga_per_barang`, `created_at`, `updated_at`) VALUES ('20', '34', '1', '1', '500.00', '', '2024-06-01 09:35:55');
INSERT INTO `detail_penawaran` (`id`, `id_penawaran`, `id_barang`, `kuantitas`, `harga_per_barang`, `created_at`, `updated_at`) VALUES ('21', '34', '9', '21', '213213.00', '', '');
INSERT INTO `detail_penawaran` (`id`, `id_penawaran`, `id_barang`, `kuantitas`, `harga_per_barang`, `created_at`, `updated_at`) VALUES ('22', '34', '15', '10', '12121.00', '', '');
INSERT INTO `detail_penawaran` (`id`, `id_penawaran`, `id_barang`, `kuantitas`, `harga_per_barang`, `created_at`, `updated_at`) VALUES ('23', '34', '14', '1', '10.00', '', '2024-06-01 09:36:07');
INSERT INTO `detail_penawaran` (`id`, `id_penawaran`, `id_barang`, `kuantitas`, `harga_per_barang`, `created_at`, `updated_at`) VALUES ('24', '35', '9', '1000', '200000.00', '', '2024-06-01 20:10:10');
INSERT INTO `detail_penawaran` (`id`, `id_penawaran`, `id_barang`, `kuantitas`, `harga_per_barang`, `created_at`, `updated_at`) VALUES ('25', '35', '1', '10', '500.00', '', '');
INSERT INTO `detail_penawaran` (`id`, `id_penawaran`, `id_barang`, `kuantitas`, `harga_per_barang`, `created_at`, `updated_at`) VALUES ('26', '35', '14', '1', '1000000.00', '', '2024-06-01 20:10:19');
INSERT INTO `detail_penawaran` (`id`, `id_penawaran`, `id_barang`, `kuantitas`, `harga_per_barang`, `created_at`, `updated_at`) VALUES ('27', '36', '12', '1', '12.00', '', '');
INSERT INTO `detail_penawaran` (`id`, `id_penawaran`, `id_barang`, `kuantitas`, `harga_per_barang`, `created_at`, `updated_at`) VALUES ('28', '37', '16', '10', '12121.00', '', '');
INSERT INTO `detail_penawaran` (`id`, `id_penawaran`, `id_barang`, `kuantitas`, `harga_per_barang`, `created_at`, `updated_at`) VALUES ('29', '38', '14', '1', '1230130.00', '', '');
INSERT INTO `detail_penawaran` (`id`, `id_penawaran`, `id_barang`, `kuantitas`, `harga_per_barang`, `created_at`, `updated_at`) VALUES ('30', '39', '1', '2', '500.00', '', '');
INSERT INTO `detail_penawaran` (`id`, `id_penawaran`, `id_barang`, `kuantitas`, `harga_per_barang`, `created_at`, `updated_at`) VALUES ('31', '39', '8', '1', '1221.00', '', '');


-- ==================Table: konsumen================== 

INSERT INTO `konsumen` (`nama`, `tanggal_lahir`, `alamat`, `jenis_kelamin`, `pekerjaan`, `no_telp`, `created_at`, `updated_at`, `id`) VALUES ('ASD213', '', 'asdwe', 'Laki-laki', 'asd', '13123', '2024-05-16 00:54:46', '2024-05-16 00:54:46', '1');
INSERT INTO `konsumen` (`nama`, `tanggal_lahir`, `alamat`, `jenis_kelamin`, `pekerjaan`, `no_telp`, `created_at`, `updated_at`, `id`) VALUES ('ASD213ii', '', 'asdwe', 'Laki-laki', 'asd', '13123', '2024-05-16 00:56:13', '2024-05-16 00:56:13', '2');
INSERT INTO `konsumen` (`nama`, `tanggal_lahir`, `alamat`, `jenis_kelamin`, `pekerjaan`, `no_telp`, `created_at`, `updated_at`, `id`) VALUES ('ASD213ii231', '', 'asdwe', 'Laki-laki', 'asd', '13123', '2024-05-16 00:58:16', '2024-05-16 00:58:16', '3');
INSERT INTO `konsumen` (`nama`, `tanggal_lahir`, `alamat`, `jenis_kelamin`, `pekerjaan`, `no_telp`, `created_at`, `updated_at`, `id`) VALUES ('Huft', '', 'klklklk', 'Laki-laki', '21klkl213', '2131312', '2024-05-16 01:01:28', '2024-05-16 01:01:28', '5');
INSERT INTO `konsumen` (`nama`, `tanggal_lahir`, `alamat`, `jenis_kelamin`, `pekerjaan`, `no_telp`, `created_at`, `updated_at`, `id`) VALUES ('dads', '', 'klklklk', 'Laki-laki', '21klkl213', '2131312', '2024-05-16 01:43:05', '2024-05-16 01:43:05', '6');
INSERT INTO `konsumen` (`nama`, `tanggal_lahir`, `alamat`, `jenis_kelamin`, `pekerjaan`, `no_telp`, `created_at`, `updated_at`, `id`) VALUES ('huft', '', 'ASDASD', 'Laki-laki', 'ADS', '123', '2024-05-16 01:44:56', '2024-05-16 01:44:56', '7');
INSERT INTO `konsumen` (`nama`, `tanggal_lahir`, `alamat`, `jenis_kelamin`, `pekerjaan`, `no_telp`, `created_at`, `updated_at`, `id`) VALUES ('ehehehehehehehhe', '', 'poaidosiadsoi', 'Laki-laki', 'asjdjasdj', '213-0123', '2024-05-16 01:47:54', '2024-05-16 01:47:54', '8');
INSERT INTO `konsumen` (`nama`, `tanggal_lahir`, `alamat`, `jenis_kelamin`, `pekerjaan`, `no_telp`, `created_at`, `updated_at`, `id`) VALUES ('ehehehehehehehhe', '', 'poaidosiadsoi', 'Laki-laki', 'asjdjasdj', '213-0123', '2024-05-16 01:49:09', '2024-05-16 01:49:09', '9');
INSERT INTO `konsumen` (`nama`, `tanggal_lahir`, `alamat`, `jenis_kelamin`, `pekerjaan`, `no_telp`, `created_at`, `updated_at`, `id`) VALUES ('ehehehehehehehhe', '', 'poaidosiadsoi', 'Laki-laki', 'asjdjasdj', '213-0123', '2024-05-16 01:50:09', '2024-05-16 01:50:09', '10');


-- ==================Table: menus================== 

INSERT INTO `menus` (`id`, `nama_menu`, `url`, `icon`, `id_html`, `parent_id`, `urutan`) VALUES ('1', 'Menu Manajemen', '#', '', '', '0', '1');
INSERT INTO `menus` (`id`, `nama_menu`, `url`, `icon`, `id_html`, `parent_id`, `urutan`) VALUES ('2', 'Dashboard', 'home', 'fas fa-home', '', '1', '1');
INSERT INTO `menus` (`id`, `nama_menu`, `url`, `icon`, `id_html`, `parent_id`, `urutan`) VALUES ('3', 'Manajemen Pengguna', '#', 'fas fa-users-cog', '', '1', '2');
INSERT INTO `menus` (`id`, `nama_menu`, `url`, `icon`, `id_html`, `parent_id`, `urutan`) VALUES ('4', 'Kelola Pengguna', 'manage-user', '', '', '3', '1');
INSERT INTO `menus` (`id`, `nama_menu`, `url`, `icon`, `id_html`, `parent_id`, `urutan`) VALUES ('5', 'Kelola Role', 'manage-role', '', '', '3', '2');
INSERT INTO `menus` (`id`, `nama_menu`, `url`, `icon`, `id_html`, `parent_id`, `urutan`) VALUES ('6', 'Kelola Menu', 'manage-menu', '', '', '3', '3');
INSERT INTO `menus` (`id`, `nama_menu`, `url`, `icon`, `id_html`, `parent_id`, `urutan`) VALUES ('7', 'Backup Server', '#', '', '', '0', '2');
INSERT INTO `menus` (`id`, `nama_menu`, `url`, `icon`, `id_html`, `parent_id`, `urutan`) VALUES ('8', 'Backup Database', 'dbbackup', 'fas fa-database', '', '7', '1');
INSERT INTO `menus` (`id`, `nama_menu`, `url`, `icon`, `id_html`, `parent_id`, `urutan`) VALUES ('9', 'Referensi', '#', 'fas fa-user-tag', '', '1', '3');
INSERT INTO `menus` (`id`, `nama_menu`, `url`, `icon`, `id_html`, `parent_id`, `urutan`) VALUES ('10', 'Barang', 'manage-barang', '', '', '9', '2');
INSERT INTO `menus` (`id`, `nama_menu`, `url`, `icon`, `id_html`, `parent_id`, `urutan`) VALUES ('11', 'Penawaran', 'manage-penawaran', '', '', '20', '3');
INSERT INTO `menus` (`id`, `nama_menu`, `url`, `icon`, `id_html`, `parent_id`, `urutan`) VALUES ('12', 'Purchase Order', 'manage-purchaseorder', '', '', '20', '4');
INSERT INTO `menus` (`id`, `nama_menu`, `url`, `icon`, `id_html`, `parent_id`, `urutan`) VALUES ('14', 'Selesai', '#', '', '', '9', '6');
INSERT INTO `menus` (`id`, `nama_menu`, `url`, `icon`, `id_html`, `parent_id`, `urutan`) VALUES ('15', 'Menu Manajemen', '#', '', '', '0', '1');
INSERT INTO `menus` (`id`, `nama_menu`, `url`, `icon`, `id_html`, `parent_id`, `urutan`) VALUES ('16', 'Dashboard', 'home', 'fas fa-home', '', '15', '1');
INSERT INTO `menus` (`id`, `nama_menu`, `url`, `icon`, `id_html`, `parent_id`, `urutan`) VALUES ('17', 'Manajemen Pengguna', '#', 'fas fa-users-cog', '', '15', '2');
INSERT INTO `menus` (`id`, `nama_menu`, `url`, `icon`, `id_html`, `parent_id`, `urutan`) VALUES ('18', 'Kelola Pengguna', 'manage-user', '', '', '17', '1');
INSERT INTO `menus` (`id`, `nama_menu`, `url`, `icon`, `id_html`, `parent_id`, `urutan`) VALUES ('19', 'Konsumen', 'manage-konsumen', '', '', '9', '1');
INSERT INTO `menus` (`id`, `nama_menu`, `url`, `icon`, `id_html`, `parent_id`, `urutan`) VALUES ('20', 'Transaksi', '#', 'fas fa-money-bill-wave', '', '1', '1');
INSERT INTO `menus` (`id`, `nama_menu`, `url`, `icon`, `id_html`, `parent_id`, `urutan`) VALUES ('21', 'Surat Jalan', 'suratjalan', '', '', '20', '1');
INSERT INTO `menus` (`id`, `nama_menu`, `url`, `icon`, `id_html`, `parent_id`, `urutan`) VALUES ('22', 'Menu Manajemen', '#', '', '', '0', '1');
INSERT INTO `menus` (`id`, `nama_menu`, `url`, `icon`, `id_html`, `parent_id`, `urutan`) VALUES ('23', 'Dashboard', 'home', 'fas fa-home', '', '22', '1');
INSERT INTO `menus` (`id`, `nama_menu`, `url`, `icon`, `id_html`, `parent_id`, `urutan`) VALUES ('24', 'Manajemen Pengguna', '#', 'fas fa-users-cog', '', '22', '2');
INSERT INTO `menus` (`id`, `nama_menu`, `url`, `icon`, `id_html`, `parent_id`, `urutan`) VALUES ('25', 'Kelola Pengguna', 'manage-user', '', '', '24', '1');


-- ==================Table: migrations================== 

INSERT INTO `migrations` (`id`, `migration`, `batch`) VALUES ('1', '2014_10_12_000000_create_users_table', '1');
INSERT INTO `migrations` (`id`, `migration`, `batch`) VALUES ('2', '2014_10_12_100000_create_password_resets_table', '1');
INSERT INTO `migrations` (`id`, `migration`, `batch`) VALUES ('3', '2019_08_19_000000_create_failed_jobs_table', '1');
INSERT INTO `migrations` (`id`, `migration`, `batch`) VALUES ('4', '2019_12_14_000001_create_personal_access_tokens_table', '1');
INSERT INTO `migrations` (`id`, `migration`, `batch`) VALUES ('5', '2024_01_01_234158_create_menus_table', '1');
INSERT INTO `migrations` (`id`, `migration`, `batch`) VALUES ('6', '2024_02_02_053619_create_permission_tables', '1');
INSERT INTO `migrations` (`id`, `migration`, `batch`) VALUES ('7', '2024_02_03_232722_create_role_has_menus_tables', '1');
INSERT INTO `migrations` (`id`, `migration`, `batch`) VALUES ('8', '2024_02_03_235312_add_menu_id_on_permission', '1');
INSERT INTO `migrations` (`id`, `migration`, `batch`) VALUES ('9', '2024_04_17_104341_menu', '2');
INSERT INTO `migrations` (`id`, `migration`, `batch`) VALUES ('10', '2024_04_24_162837_bisa', '3');
INSERT INTO `migrations` (`id`, `migration`, `batch`) VALUES ('11', '2024_04_25_074649_konsumen', '4');
INSERT INTO `migrations` (`id`, `migration`, `batch`) VALUES ('12', '2024_05_15_234819_add_timestamps_to_barang_table', '5');
INSERT INTO `migrations` (`id`, `migration`, `batch`) VALUES ('13', '2024_05_16_001339_add_updated_at_to_konsumen_table', '6');
INSERT INTO `migrations` (`id`, `migration`, `batch`) VALUES ('14', '2024_05_16_080017_add_timestamps_to_penawaran_table', '7');
INSERT INTO `migrations` (`id`, `migration`, `batch`) VALUES ('15', '2024_05_16_084921_add_columns_to_purchase_order_table', '8');
INSERT INTO `migrations` (`id`, `migration`, `batch`) VALUES ('16', '2024_05_16_085143_add_timestamps_to_purchase_order_table', '9');
INSERT INTO `migrations` (`id`, `migration`, `batch`) VALUES ('17', '2024_05_27_090517_create_barang_fotos_table', '10');


-- ==================Table: model_has_roles================== 

INSERT INTO `model_has_roles` (`role_id`, `model_type`, `model_id`) VALUES ('1', 'App\\Models\\User', '1');


-- ==================Table: penawaran================== 

INSERT INTO `penawaran` (`id`, `id_konsumen`, `tanggal`, `nomor`, `status`, `total_harga`, `created_at`, `updated_at`) VALUES ('6', '7', '2024-05-16', '20240516P01', 'Sukses', '', '2024-05-16 09:10:52', '2024-05-16 09:11:09');
INSERT INTO `penawaran` (`id`, `id_konsumen`, `tanggal`, `nomor`, `status`, `total_harga`, `created_at`, `updated_at`) VALUES ('8', '2', '2024-05-16', '', 'Pending', '', '2024-05-30 07:07:54', '2024-05-30 08:12:06');
INSERT INTO `penawaran` (`id`, `id_konsumen`, `tanggal`, `nomor`, `status`, `total_harga`, `created_at`, `updated_at`) VALUES ('9', '1', '2024-05-03', '', 'Sukses', '', '2024-05-30 07:30:31', '2024-05-31 15:12:59');
INSERT INTO `penawaran` (`id`, `id_konsumen`, `tanggal`, `nomor`, `status`, `total_harga`, `created_at`, `updated_at`) VALUES ('10', '1', '2024-05-03', '', 'Sukses', '', '2024-05-30 07:33:50', '2024-05-31 05:39:02');
INSERT INTO `penawaran` (`id`, `id_konsumen`, `tanggal`, `nomor`, `status`, `total_harga`, `created_at`, `updated_at`) VALUES ('11', '1', '2024-05-03', '', '', '', '2024-05-30 07:34:52', '2024-05-30 07:34:52');
INSERT INTO `penawaran` (`id`, `id_konsumen`, `tanggal`, `nomor`, `status`, `total_harga`, `created_at`, `updated_at`) VALUES ('12', '1', '2024-05-03', '', '', '', '2024-05-30 07:35:02', '2024-05-30 07:35:02');
INSERT INTO `penawaran` (`id`, `id_konsumen`, `tanggal`, `nomor`, `status`, `total_harga`, `created_at`, `updated_at`) VALUES ('13', '1', '2024-05-03', '', '', '', '2024-05-30 07:35:20', '2024-05-30 07:35:20');
INSERT INTO `penawaran` (`id`, `id_konsumen`, `tanggal`, `nomor`, `status`, `total_harga`, `created_at`, `updated_at`) VALUES ('14', '1', '2024-05-03', '', '', '', '2024-05-30 07:38:53', '2024-05-30 07:38:53');
INSERT INTO `penawaran` (`id`, `id_konsumen`, `tanggal`, `nomor`, `status`, `total_harga`, `created_at`, `updated_at`) VALUES ('15', '1', '2024-05-03', '', 'Sukses', '', '2024-05-30 07:41:02', '2024-06-02 02:37:04');
INSERT INTO `penawaran` (`id`, `id_konsumen`, `tanggal`, `nomor`, `status`, `total_harga`, `created_at`, `updated_at`) VALUES ('16', '1', '2024-05-02', '20240530P01', '', '', '2024-05-30 07:46:27', '2024-05-30 07:46:27');
INSERT INTO `penawaran` (`id`, `id_konsumen`, `tanggal`, `nomor`, `status`, `total_harga`, `created_at`, `updated_at`) VALUES ('17', '1', '2024-05-11', '20240530P01', '', '', '2024-05-30 07:53:04', '2024-05-30 07:53:04');
INSERT INTO `penawaran` (`id`, `id_konsumen`, `tanggal`, `nomor`, `status`, `total_harga`, `created_at`, `updated_at`) VALUES ('18', '1', '2024-05-11', '20240530P01', '', '', '2024-05-30 07:55:47', '2024-05-30 07:55:47');
INSERT INTO `penawaran` (`id`, `id_konsumen`, `tanggal`, `nomor`, `status`, `total_harga`, `created_at`, `updated_at`) VALUES ('19', '1', '2024-05-16', '20240530P01', '', '', '2024-05-30 07:57:12', '2024-05-30 07:57:12');
INSERT INTO `penawaran` (`id`, `id_konsumen`, `tanggal`, `nomor`, `status`, `total_harga`, `created_at`, `updated_at`) VALUES ('20', '1', '2024-05-30', '20240530P01', '', '1000.00', '2024-05-30 08:03:07', '2024-05-30 08:03:07');
INSERT INTO `penawaran` (`id`, `id_konsumen`, `tanggal`, `nomor`, `status`, `total_harga`, `created_at`, `updated_at`) VALUES ('21', '1', '2024-05-30', '20240530P01', '', '5500.00', '2024-05-30 08:05:38', '2024-05-30 08:05:38');
INSERT INTO `penawaran` (`id`, `id_konsumen`, `tanggal`, `nomor`, `status`, `total_harga`, `created_at`, `updated_at`) VALUES ('22', '2', '2024-05-30', '20240530P01', 'Sukses', '55500.00', '2024-05-30 08:07:49', '2024-06-01 20:59:24');
INSERT INTO `penawaran` (`id`, `id_konsumen`, `tanggal`, `nomor`, `status`, `total_harga`, `created_at`, `updated_at`) VALUES ('23', '1', '2024-05-11', '20240530P01', 'Pending', '12.00', '2024-05-30 08:10:18', '2024-05-30 08:12:10');
INSERT INTO `penawaran` (`id`, `id_konsumen`, `tanggal`, `nomor`, `status`, `total_harga`, `created_at`, `updated_at`) VALUES ('24', '2', '2024-05-17', '20240530P01', 'Sukses', '1332.00', '2024-05-30 08:13:41', '2024-05-30 08:13:46');
INSERT INTO `penawaran` (`id`, `id_konsumen`, `tanggal`, `nomor`, `status`, `total_harga`, `created_at`, `updated_at`) VALUES ('25', '3', '2024-05-09', '20240531P01', 'Sukses', '3936.00', '', '2024-06-02 02:14:42');
INSERT INTO `penawaran` (`id`, `id_konsumen`, `tanggal`, `nomor`, `status`, `total_harga`, `created_at`, `updated_at`) VALUES ('26', '8', '2024-05-16', '20240531P01', 'Pending', '132.00', '', '');
INSERT INTO `penawaran` (`id`, `id_konsumen`, `tanggal`, `nomor`, `status`, `total_harga`, `created_at`, `updated_at`) VALUES ('27', '2', '2024-05-11', '20240531P01', 'Pending', '123.00', '', '');
INSERT INTO `penawaran` (`id`, `id_konsumen`, `tanggal`, `nomor`, `status`, `total_harga`, `created_at`, `updated_at`) VALUES ('28', '1', '2024-05-10', '20240531P01', 'Pending', '132.00', '', '');
INSERT INTO `penawaran` (`id`, `id_konsumen`, `tanggal`, `nomor`, `status`, `total_harga`, `created_at`, `updated_at`) VALUES ('29', '2', '2024-05-31', '20240531P01', 'Sukses', '1230.00', '', '2024-06-02 02:10:05');
INSERT INTO `penawaran` (`id`, `id_konsumen`, `tanggal`, `nomor`, `status`, `total_harga`, `created_at`, `updated_at`) VALUES ('30', '7', '2024-05-08', '20240531P01', 'Sukses', '21321300.00', '', '2024-06-01 19:43:47');
INSERT INTO `penawaran` (`id`, `id_konsumen`, `tanggal`, `nomor`, `status`, `total_harga`, `created_at`, `updated_at`) VALUES ('31', '5', '2024-05-21', '20240531P01', 'Sukses', '120.00', '', '2024-06-01 19:28:05');
INSERT INTO `penawaran` (`id`, `id_konsumen`, `tanggal`, `nomor`, `status`, `total_harga`, `created_at`, `updated_at`) VALUES ('32', '5', '2024-05-18', '20240531P01', 'Pending', '1232183.00', '', '2024-06-01 08:26:53');
INSERT INTO `penawaran` (`id`, `id_konsumen`, `tanggal`, `nomor`, `status`, `total_harga`, `created_at`, `updated_at`) VALUES ('33', '6', '2024-06-01', '20240601P02', 'Sukses', '18431.00', '', '2024-06-01 10:34:55');
INSERT INTO `penawaran` (`id`, `id_konsumen`, `tanggal`, `nomor`, `status`, `total_harga`, `created_at`, `updated_at`) VALUES ('34', '5', '2024-06-30', '20240601P03', 'Sukses', '4599193.00', '', '2024-06-01 09:48:42');
INSERT INTO `penawaran` (`id`, `id_konsumen`, `tanggal`, `nomor`, `status`, `total_harga`, `created_at`, `updated_at`) VALUES ('35', '1', '2024-06-01', '20240601P04', 'Sukses', '214448130.00', '', '2024-06-01 20:10:28');
INSERT INTO `penawaran` (`id`, `id_konsumen`, `tanggal`, `nomor`, `status`, `total_harga`, `created_at`, `updated_at`) VALUES ('36', '9', '2024-06-01', '20240601P05', 'Sukses', '12.00', '', '2024-06-01 20:13:41');
INSERT INTO `penawaran` (`id`, `id_konsumen`, `tanggal`, `nomor`, `status`, `total_harga`, `created_at`, `updated_at`) VALUES ('37', '2', '2024-06-01', '20240601P06', 'Sukses', '121210.00', '', '2024-06-01 23:58:36');
INSERT INTO `penawaran` (`id`, `id_konsumen`, `tanggal`, `nomor`, `status`, `total_harga`, `created_at`, `updated_at`) VALUES ('38', '1', '2024-06-02', '20240602P07', 'Sukses', '1230130.00', '', '2024-06-02 02:38:03');
INSERT INTO `penawaran` (`id`, `id_konsumen`, `tanggal`, `nomor`, `status`, `total_harga`, `created_at`, `updated_at`) VALUES ('39', '1', '2024-06-03', '20240603P08', 'Pending', '2221.00', '', '');


-- ==================Table: permissions================== 

INSERT INTO `permissions` (`id`, `name`, `guard_name`, `created_at`, `updated_at`, `menu_id`) VALUES ('1', 'create_user', 'web', '2024-04-17 10:27:28', '2024-04-17 10:27:28', '4');
INSERT INTO `permissions` (`id`, `name`, `guard_name`, `created_at`, `updated_at`, `menu_id`) VALUES ('2', 'read_user', 'web', '2024-04-17 10:27:28', '2024-04-17 10:27:28', '4');
INSERT INTO `permissions` (`id`, `name`, `guard_name`, `created_at`, `updated_at`, `menu_id`) VALUES ('3', 'update_user', 'web', '2024-04-17 10:27:28', '2024-04-17 10:27:28', '4');
INSERT INTO `permissions` (`id`, `name`, `guard_name`, `created_at`, `updated_at`, `menu_id`) VALUES ('4', 'delete_user', 'web', '2024-04-17 10:27:28', '2024-04-17 10:27:28', '4');
INSERT INTO `permissions` (`id`, `name`, `guard_name`, `created_at`, `updated_at`, `menu_id`) VALUES ('5', 'create_role', 'web', '2024-04-17 10:27:28', '2024-04-17 10:27:28', '5');
INSERT INTO `permissions` (`id`, `name`, `guard_name`, `created_at`, `updated_at`, `menu_id`) VALUES ('6', 'read_role', 'web', '2024-04-17 10:27:28', '2024-04-17 10:27:28', '5');
INSERT INTO `permissions` (`id`, `name`, `guard_name`, `created_at`, `updated_at`, `menu_id`) VALUES ('7', 'update_role', 'web', '2024-04-17 10:27:28', '2024-04-17 10:27:28', '5');
INSERT INTO `permissions` (`id`, `name`, `guard_name`, `created_at`, `updated_at`, `menu_id`) VALUES ('8', 'delete_role', 'web', '2024-04-17 10:27:28', '2024-04-17 10:27:28', '5');
INSERT INTO `permissions` (`id`, `name`, `guard_name`, `created_at`, `updated_at`, `menu_id`) VALUES ('9', 'create_menu', 'web', '2024-04-17 10:27:28', '2024-04-17 10:27:28', '6');
INSERT INTO `permissions` (`id`, `name`, `guard_name`, `created_at`, `updated_at`, `menu_id`) VALUES ('10', 'read_menu', 'web', '2024-04-17 10:27:28', '2024-04-17 10:27:28', '6');
INSERT INTO `permissions` (`id`, `name`, `guard_name`, `created_at`, `updated_at`, `menu_id`) VALUES ('11', 'update_menu', 'web', '2024-04-17 10:27:28', '2024-04-17 10:27:28', '6');
INSERT INTO `permissions` (`id`, `name`, `guard_name`, `created_at`, `updated_at`, `menu_id`) VALUES ('12', 'delete_menu', 'web', '2024-04-17 10:27:28', '2024-04-17 10:27:28', '6');
INSERT INTO `permissions` (`id`, `name`, `guard_name`, `created_at`, `updated_at`, `menu_id`) VALUES ('13', 'backup_database', 'web', '2024-04-17 10:27:28', '2024-04-17 10:27:28', '8');


-- ==================Table: purchase_order================== 

INSERT INTO `purchase_order` (`id`, `id_penawaran`, `tanggal`, `nomor`, `total_harga`, `status`, `jenis`, `created_at`, `updated_at`) VALUES ('5', '', '2024-04-25', '25042024001', '', 'Sukses', 'QRIS', '2024-05-30 08:12:02', '2024-06-01 20:55:07');
INSERT INTO `purchase_order` (`id`, `id_penawaran`, `tanggal`, `nomor`, `total_harga`, `status`, `jenis`, `created_at`, `updated_at`) VALUES ('7', '', '2024-05-11', '20240530P01', '', 'Sukses', 'Bank Transfer', '2024-05-30 08:12:10', '2024-05-31 14:25:33');
INSERT INTO `purchase_order` (`id`, `id_penawaran`, `tanggal`, `nomor`, `total_harga`, `status`, `jenis`, `created_at`, `updated_at`) VALUES ('8', '', '2024-05-17', '20240530P01', '', 'Sukses', '', '2024-05-30 08:13:46', '2024-06-01 20:03:30');
INSERT INTO `purchase_order` (`id`, `id_penawaran`, `tanggal`, `nomor`, `total_harga`, `status`, `jenis`, `created_at`, `updated_at`) VALUES ('10', '', '2024-05-03', '', '', 'Sukses', '', '2024-05-31 15:12:59', '2024-06-01 20:03:18');
INSERT INTO `purchase_order` (`id`, `id_penawaran`, `tanggal`, `nomor`, `total_harga`, `status`, `jenis`, `created_at`, `updated_at`) VALUES ('11', '', '2024-06-30', '20240601P03', '', 'Sukses', '', '2024-06-01 09:48:42', '2024-06-01 20:02:42');
INSERT INTO `purchase_order` (`id`, `id_penawaran`, `tanggal`, `nomor`, `total_harga`, `status`, `jenis`, `created_at`, `updated_at`) VALUES ('12', '', '2024-06-01', '20240601P02', '', 'Sukses', '', '2024-06-01 10:34:55', '2024-06-01 19:56:13');
INSERT INTO `purchase_order` (`id`, `id_penawaran`, `tanggal`, `nomor`, `total_harga`, `status`, `jenis`, `created_at`, `updated_at`) VALUES ('13', '', '2024-05-21', '20240531P01', '', 'Sukses', 'QRIS', '2024-06-01 19:28:05', '2024-06-01 20:51:51');
INSERT INTO `purchase_order` (`id`, `id_penawaran`, `tanggal`, `nomor`, `total_harga`, `status`, `jenis`, `created_at`, `updated_at`) VALUES ('14', '30', '2024-05-08', '20240531P01', '21321300', 'Sukses', 'QRIS', '2024-06-01 19:43:47', '2024-06-01 19:46:07');
INSERT INTO `purchase_order` (`id`, `id_penawaran`, `tanggal`, `nomor`, `total_harga`, `status`, `jenis`, `created_at`, `updated_at`) VALUES ('15', '35', '2024-06-01', '20240601P04', '201005000', 'Sukses', 'QRIS', '2024-06-01 20:11:47', '2024-06-01 20:50:52');
INSERT INTO `purchase_order` (`id`, `id_penawaran`, `tanggal`, `nomor`, `total_harga`, `status`, `jenis`, `created_at`, `updated_at`) VALUES ('16', '35', '2024-06-01', '20240601P04', '201005000', 'Sukses', '', '2024-06-01 20:11:48', '2024-06-01 20:16:09');
INSERT INTO `purchase_order` (`id`, `id_penawaran`, `tanggal`, `nomor`, `total_harga`, `status`, `jenis`, `created_at`, `updated_at`) VALUES ('17', '36', '2024-06-01', '20240601P05', '12', 'Sukses', 'QRIS', '2024-06-01 20:13:41', '2024-06-01 20:15:53');
INSERT INTO `purchase_order` (`id`, `id_penawaran`, `tanggal`, `nomor`, `total_harga`, `status`, `jenis`, `created_at`, `updated_at`) VALUES ('18', '22', '2024-05-30', '20240530P01', '0', 'Sukses', '', '2024-06-01 20:59:24', '2024-06-01 20:59:35');
INSERT INTO `purchase_order` (`id`, `id_penawaran`, `tanggal`, `nomor`, `total_harga`, `status`, `jenis`, `created_at`, `updated_at`) VALUES ('19', '37', '2024-06-01', '20240601P06', '121210', 'Sukses', 'Bank Transfer', '2024-06-01 23:58:36', '2024-06-03 22:39:42');
INSERT INTO `purchase_order` (`id`, `id_penawaran`, `tanggal`, `nomor`, `total_harga`, `status`, `jenis`, `created_at`, `updated_at`) VALUES ('20', '29', '2024-05-31', '20240531P01', '1230', 'Sukses', '', '2024-06-02 02:10:05', '2024-06-02 02:10:20');
INSERT INTO `purchase_order` (`id`, `id_penawaran`, `tanggal`, `nomor`, `total_harga`, `status`, `jenis`, `created_at`, `updated_at`) VALUES ('21', '25', '2024-05-09', '20240531P01', '3936', 'Sukses', '', '2024-06-02 02:14:42', '2024-06-02 02:18:44');
INSERT INTO `purchase_order` (`id`, `id_penawaran`, `tanggal`, `nomor`, `total_harga`, `status`, `jenis`, `created_at`, `updated_at`) VALUES ('22', '15', '2024-05-03', '', '0', '', '', '2024-06-02 02:37:04', '2024-06-02 02:37:04');
INSERT INTO `purchase_order` (`id`, `id_penawaran`, `tanggal`, `nomor`, `total_harga`, `status`, `jenis`, `created_at`, `updated_at`) VALUES ('23', '38', '2024-06-02', '20240602P07', '1230130', 'Sukses', 'QRIS', '2024-06-02 02:38:03', '2024-06-03 21:36:29');


-- ==================Table: roles================== 

INSERT INTO `roles` (`id`, `name`, `guard_name`, `created_at`, `updated_at`) VALUES ('1', 'superadmin', 'web', '2024-04-17 10:27:29', '2024-04-17 10:27:29');


-- ==================Table: role_has_menus================== 

INSERT INTO `role_has_menus` (`id`, `menu_id`, `role_id`) VALUES ('1', '1', '1');
INSERT INTO `role_has_menus` (`id`, `menu_id`, `role_id`) VALUES ('2', '2', '1');
INSERT INTO `role_has_menus` (`id`, `menu_id`, `role_id`) VALUES ('3', '3', '1');
INSERT INTO `role_has_menus` (`id`, `menu_id`, `role_id`) VALUES ('4', '4', '1');
INSERT INTO `role_has_menus` (`id`, `menu_id`, `role_id`) VALUES ('5', '5', '1');
INSERT INTO `role_has_menus` (`id`, `menu_id`, `role_id`) VALUES ('6', '6', '1');
INSERT INTO `role_has_menus` (`id`, `menu_id`, `role_id`) VALUES ('7', '7', '1');
INSERT INTO `role_has_menus` (`id`, `menu_id`, `role_id`) VALUES ('8', '8', '1');
INSERT INTO `role_has_menus` (`id`, `menu_id`, `role_id`) VALUES ('9', '9', '1');
INSERT INTO `role_has_menus` (`id`, `menu_id`, `role_id`) VALUES ('11', '11', '1');
INSERT INTO `role_has_menus` (`id`, `menu_id`, `role_id`) VALUES ('12', '12', '1');
INSERT INTO `role_has_menus` (`id`, `menu_id`, `role_id`) VALUES ('13', '13', '1');
INSERT INTO `role_has_menus` (`id`, `menu_id`, `role_id`) VALUES ('15', '19', '1');
INSERT INTO `role_has_menus` (`id`, `menu_id`, `role_id`) VALUES ('16', '10', '1');
INSERT INTO `role_has_menus` (`id`, `menu_id`, `role_id`) VALUES ('18', '20', '1');
INSERT INTO `role_has_menus` (`id`, `menu_id`, `role_id`) VALUES ('19', '21', '1');


-- ==================Table: role_has_permissions================== 

INSERT INTO `role_has_permissions` (`permission_id`, `role_id`) VALUES ('1', '1');
INSERT INTO `role_has_permissions` (`permission_id`, `role_id`) VALUES ('2', '1');
INSERT INTO `role_has_permissions` (`permission_id`, `role_id`) VALUES ('3', '1');
INSERT INTO `role_has_permissions` (`permission_id`, `role_id`) VALUES ('4', '1');
INSERT INTO `role_has_permissions` (`permission_id`, `role_id`) VALUES ('5', '1');
INSERT INTO `role_has_permissions` (`permission_id`, `role_id`) VALUES ('6', '1');
INSERT INTO `role_has_permissions` (`permission_id`, `role_id`) VALUES ('7', '1');
INSERT INTO `role_has_permissions` (`permission_id`, `role_id`) VALUES ('8', '1');
INSERT INTO `role_has_permissions` (`permission_id`, `role_id`) VALUES ('9', '1');
INSERT INTO `role_has_permissions` (`permission_id`, `role_id`) VALUES ('10', '1');
INSERT INTO `role_has_permissions` (`permission_id`, `role_id`) VALUES ('11', '1');
INSERT INTO `role_has_permissions` (`permission_id`, `role_id`) VALUES ('12', '1');
INSERT INTO `role_has_permissions` (`permission_id`, `role_id`) VALUES ('13', '1');


-- ==================Table: surat_jalan================== 

INSERT INTO `surat_jalan` (`id`, `id_purchase_order`, `nomor`, `tanggal`, `alamat_tujuan`, `created_at`, `updated_at`, `nomor_po`) VALUES ('1', '', '1231232', '2024-05-14', 'Jalan Tlogo Berlian No.7, Palebon, Pedurungan, Semarang', '2024-05-31 04:42:51', '2024-05-31 04:42:51', '');
INSERT INTO `surat_jalan` (`id`, `id_purchase_order`, `nomor`, `tanggal`, `alamat_tujuan`, `created_at`, `updated_at`, `nomor_po`) VALUES ('2', '', 'SJ00120240508', '2024-05-08', 'Jalan Tlogo Berlian No.7, Palebon, Pedurungan, Semarang', '2024-05-31 14:08:42', '2024-05-31 14:08:42', '');
INSERT INTO `surat_jalan` (`id`, `id_purchase_order`, `nomor`, `tanggal`, `alamat_tujuan`, `created_at`, `updated_at`, `nomor_po`) VALUES ('3', '', 'SJ00120240601', '2024-06-01', 'Jalan Tlogo Berlian No.7, Palebon, Pedurungan, Semarang', '2024-06-01 19:45:33', '2024-06-01 19:45:33', '');
INSERT INTO `surat_jalan` (`id`, `id_purchase_order`, `nomor`, `tanggal`, `alamat_tujuan`, `created_at`, `updated_at`, `nomor_po`) VALUES ('4', '', 'SJ00120240601', '2024-06-01', 'Semarang', '2024-06-01 19:46:22', '2024-06-01 19:46:22', '');
INSERT INTO `surat_jalan` (`id`, `id_purchase_order`, `nomor`, `tanggal`, `alamat_tujuan`, `created_at`, `updated_at`, `nomor_po`) VALUES ('5', '', 'SJ00120240606', '2024-06-06', 'Jalan Asu Kue Anjing', '2024-06-01 19:47:05', '2024-06-01 19:47:05', '');
INSERT INTO `surat_jalan` (`id`, `id_purchase_order`, `nomor`, `tanggal`, `alamat_tujuan`, `created_at`, `updated_at`, `nomor_po`) VALUES ('6', '', 'SJ00120240615', '2024-06-15', 'Jalan Asu Kue Anjing', '2024-06-01 19:47:37', '2024-06-01 19:47:37', '');
INSERT INTO `surat_jalan` (`id`, `id_purchase_order`, `nomor`, `tanggal`, `alamat_tujuan`, `created_at`, `updated_at`, `nomor_po`) VALUES ('7', '', 'SJ00120240607', '2024-06-07', 'Jalan Tlogo Berlian No.7, Palebon, Pedurungan, Semarang', '2024-06-01 19:54:00', '2024-06-01 19:54:00', '');
INSERT INTO `surat_jalan` (`id`, `id_purchase_order`, `nomor`, `tanggal`, `alamat_tujuan`, `created_at`, `updated_at`, `nomor_po`) VALUES ('8', '15', '', '', '', '2024-06-01 20:50:52', '2024-06-01 20:50:52', '20240601P04');
INSERT INTO `surat_jalan` (`id`, `id_purchase_order`, `nomor`, `tanggal`, `alamat_tujuan`, `created_at`, `updated_at`, `nomor_po`) VALUES ('9', '13', '', '', '', '2024-06-01 20:51:51', '2024-06-01 20:51:51', '20240531P01');
INSERT INTO `surat_jalan` (`id`, `id_purchase_order`, `nomor`, `tanggal`, `alamat_tujuan`, `created_at`, `updated_at`, `nomor_po`) VALUES ('10', '5', '', '', '', '2024-06-01 20:55:07', '2024-06-01 20:55:07', '25042024001');
INSERT INTO `surat_jalan` (`id`, `id_purchase_order`, `nomor`, `tanggal`, `alamat_tujuan`, `created_at`, `updated_at`, `nomor_po`) VALUES ('11', '5', '', '', '', '2024-06-01 20:55:21', '2024-06-01 20:55:21', '25042024001');
INSERT INTO `surat_jalan` (`id`, `id_purchase_order`, `nomor`, `tanggal`, `alamat_tujuan`, `created_at`, `updated_at`, `nomor_po`) VALUES ('12', '18', '', '', '', '2024-06-01 20:59:35', '2024-06-01 20:59:35', '20240530P01');
INSERT INTO `surat_jalan` (`id`, `id_purchase_order`, `nomor`, `tanggal`, `alamat_tujuan`, `created_at`, `updated_at`, `nomor_po`) VALUES ('13', '18', '', '', '', '2024-06-01 21:00:27', '2024-06-01 21:00:27', '20240530P01');
INSERT INTO `surat_jalan` (`id`, `id_purchase_order`, `nomor`, `tanggal`, `alamat_tujuan`, `created_at`, `updated_at`, `nomor_po`) VALUES ('14', '18', '', '', '', '2024-06-01 21:00:29', '2024-06-01 21:00:29', '20240530P01');
INSERT INTO `surat_jalan` (`id`, `id_purchase_order`, `nomor`, `tanggal`, `alamat_tujuan`, `created_at`, `updated_at`, `nomor_po`) VALUES ('15', '18', '', '', '', '2024-06-01 21:05:19', '2024-06-01 21:05:19', '20240530P01');
INSERT INTO `surat_jalan` (`id`, `id_purchase_order`, `nomor`, `tanggal`, `alamat_tujuan`, `created_at`, `updated_at`, `nomor_po`) VALUES ('16', '18', '', '', '', '2024-06-01 21:05:58', '2024-06-01 21:05:58', '20240530P01');
INSERT INTO `surat_jalan` (`id`, `id_purchase_order`, `nomor`, `tanggal`, `alamat_tujuan`, `created_at`, `updated_at`, `nomor_po`) VALUES ('17', '18', '', '', '', '2024-06-01 21:08:55', '2024-06-01 21:08:55', '20240530P01');
INSERT INTO `surat_jalan` (`id`, `id_purchase_order`, `nomor`, `tanggal`, `alamat_tujuan`, `created_at`, `updated_at`, `nomor_po`) VALUES ('18', '18', '', '', '', '2024-06-01 21:09:13', '2024-06-01 21:09:13', '20240530P01');
INSERT INTO `surat_jalan` (`id`, `id_purchase_order`, `nomor`, `tanggal`, `alamat_tujuan`, `created_at`, `updated_at`, `nomor_po`) VALUES ('19', '18', '', '', '', '2024-06-01 21:09:51', '2024-06-01 21:09:51', '20240530P01');
INSERT INTO `surat_jalan` (`id`, `id_purchase_order`, `nomor`, `tanggal`, `alamat_tujuan`, `created_at`, `updated_at`, `nomor_po`) VALUES ('20', '18', '', '', '', '2024-06-01 21:10:10', '2024-06-01 21:10:10', '20240530P01');
INSERT INTO `surat_jalan` (`id`, `id_purchase_order`, `nomor`, `tanggal`, `alamat_tujuan`, `created_at`, `updated_at`, `nomor_po`) VALUES ('21', '18', '', '', '', '2024-06-01 21:10:35', '2024-06-01 21:10:35', '20240530P01');
INSERT INTO `surat_jalan` (`id`, `id_purchase_order`, `nomor`, `tanggal`, `alamat_tujuan`, `created_at`, `updated_at`, `nomor_po`) VALUES ('22', '19', '', '', '', '2024-06-01 23:58:45', '2024-06-01 23:58:45', '20240601P06');
INSERT INTO `surat_jalan` (`id`, `id_purchase_order`, `nomor`, `tanggal`, `alamat_tujuan`, `created_at`, `updated_at`, `nomor_po`) VALUES ('23', '19', '', '', '', '2024-06-01 23:59:12', '2024-06-01 23:59:12', '20240601P06');
INSERT INTO `surat_jalan` (`id`, `id_purchase_order`, `nomor`, `tanggal`, `alamat_tujuan`, `created_at`, `updated_at`, `nomor_po`) VALUES ('24', '19', '', '', '', '2024-06-01 23:59:26', '2024-06-01 23:59:26', '20240601P06');
INSERT INTO `surat_jalan` (`id`, `id_purchase_order`, `nomor`, `tanggal`, `alamat_tujuan`, `created_at`, `updated_at`, `nomor_po`) VALUES ('25', '19', '', '2024-06-02', '', '2024-06-02 00:06:25', '2024-06-02 00:06:25', '20240601P06');
INSERT INTO `surat_jalan` (`id`, `id_purchase_order`, `nomor`, `tanggal`, `alamat_tujuan`, `created_at`, `updated_at`, `nomor_po`) VALUES ('26', '19', '', '2024-06-02', '', '2024-06-02 00:47:19', '2024-06-02 00:47:19', '20240601P06');
INSERT INTO `surat_jalan` (`id`, `id_purchase_order`, `nomor`, `tanggal`, `alamat_tujuan`, `created_at`, `updated_at`, `nomor_po`) VALUES ('27', '19', '', '2024-06-02', '', '2024-06-02 00:48:35', '2024-06-02 00:48:35', '20240601P06');
INSERT INTO `surat_jalan` (`id`, `id_purchase_order`, `nomor`, `tanggal`, `alamat_tujuan`, `created_at`, `updated_at`, `nomor_po`) VALUES ('28', '19', '', '2024-06-02', '', '2024-06-02 00:52:57', '2024-06-02 00:52:57', '20240601P06');
INSERT INTO `surat_jalan` (`id`, `id_purchase_order`, `nomor`, `tanggal`, `alamat_tujuan`, `created_at`, `updated_at`, `nomor_po`) VALUES ('29', '20', '20240531P01', '2024-06-02', '', '2024-06-02 02:10:20', '2024-06-02 02:10:20', '20240531P01');
INSERT INTO `surat_jalan` (`id`, `id_purchase_order`, `nomor`, `tanggal`, `alamat_tujuan`, `created_at`, `updated_at`, `nomor_po`) VALUES ('30', '21', 'SJ006 - 02062024', '2024-06-02', '', '2024-06-02 02:18:44', '2024-06-02 02:18:44', '20240531P01');
INSERT INTO `surat_jalan` (`id`, `id_purchase_order`, `nomor`, `tanggal`, `alamat_tujuan`, `created_at`, `updated_at`, `nomor_po`) VALUES ('31', '21', 'SJ007 - 02062024', '2024-06-02', '', '2024-06-02 02:21:13', '2024-06-02 02:21:13', '20240531P01');
INSERT INTO `surat_jalan` (`id`, `id_purchase_order`, `nomor`, `tanggal`, `alamat_tujuan`, `created_at`, `updated_at`, `nomor_po`) VALUES ('32', '21', 'SJ008 - 02062024', '2024-06-02', '', '2024-06-02 02:21:58', '2024-06-02 02:21:58', '20240531P01');
INSERT INTO `surat_jalan` (`id`, `id_purchase_order`, `nomor`, `tanggal`, `alamat_tujuan`, `created_at`, `updated_at`, `nomor_po`) VALUES ('33', '21', 'SJ009 - 02062024', '2024-06-02', '', '2024-06-02 02:22:29', '2024-06-02 02:22:29', '20240531P01');
INSERT INTO `surat_jalan` (`id`, `id_purchase_order`, `nomor`, `tanggal`, `alamat_tujuan`, `created_at`, `updated_at`, `nomor_po`) VALUES ('34', '21', 'SJ010 - 02062024', '2024-06-02', '', '2024-06-02 02:23:40', '2024-06-02 02:23:40', '20240531P01');
INSERT INTO `surat_jalan` (`id`, `id_purchase_order`, `nomor`, `tanggal`, `alamat_tujuan`, `created_at`, `updated_at`, `nomor_po`) VALUES ('35', '21', 'SJ011 - 02062024', '2024-06-02', '', '2024-06-02 02:26:20', '2024-06-02 02:26:20', '20240531P01');
INSERT INTO `surat_jalan` (`id`, `id_purchase_order`, `nomor`, `tanggal`, `alamat_tujuan`, `created_at`, `updated_at`, `nomor_po`) VALUES ('37', '23', 'SJ001 - 03062024', '2024-06-03', '', '2024-06-03 21:25:52', '2024-06-03 21:25:52', '20240602P07');
INSERT INTO `surat_jalan` (`id`, `id_purchase_order`, `nomor`, `tanggal`, `alamat_tujuan`, `created_at`, `updated_at`, `nomor_po`) VALUES ('38', '23', 'SJ002 - 03062024', '2024-06-03', '', '2024-06-03 21:35:25', '2024-06-03 21:35:25', '20240602P07');


-- ==================Table: users================== 

INSERT INTO `users` (`id`, `name`, `email`, `email_verified_at`, `password`, `remember_token`, `created_at`, `updated_at`) VALUES ('1', 'Super Admin', 'superadmin@gmail.com', '2024-04-17 10:27:29', '$2y$10$lsz9mQGtsprpqvMFlAABBO9HBCY0QRx2DFD/c1TSQwZp7sMkaNXCi', '3vpj0q6mI4prFOcmBg2d6mE711aSgfZFnYx2Vt2CoIBUMEdUyMUvDbFmTmlO', '2024-04-17 10:27:29', '2024-04-17 10:27:29');
